"","mean","sd","min","max"
"pre",0.000835949288207694,0.00541644267559342,3.30806632292855e-09,0.216905880778581
"post",2.19877065562042e-05,0.000142466957995496,8.70110096426602e-11,0.00570520595465777
