"","mean","sd","min","max"
"pre",2.34158424625214e-07,1.49477726815445e-06,1.01191588441907e-12,5.89647701074258e-05
"post",6.15903469153549e-09,3.9317484206321e-08,2.66124899894749e-14,1.55099314344453e-06
