"","mean","sd","min","max"
"pre",5.06574234226953e-10,3.2338234928776e-09,2.22044604925031e-15,1.27567677976614e-07
"post",1.33242605948602e-11,8.50582314920497e-11,0,3.3553724243518e-09
