"","mean","sd","min","max"
"pre",0.000208674145112281,0.001274034324972,9.20518883340549e-10,0.0474855953280081
"post",5.5996299180612e-06,3.57004776288585e-05,2.42120767879328e-11,0.00140602917016952
