"","mean","sd","min","max"
"pre",0.000885999112509104,0.00477540458642482,4.16779433187742e-09,0.151139710420719
"post",2.52944759073891e-05,0.000160438563343157,1.09624198607605e-10,0.00627786902594751
